Country,Mean,Std Dev,Min,Max,Median
UK,72.51167528961747,24.715699144153895,28.12006,113.3228,70.56345
US,59.677042688524566,29.91008739662766,13.05948,103.2091,54.4659
